url,description,price,source,category
http://www.reliancedigital.in/tvs-audio/flat-television/samsung-series-4-ua32m4000arlxl-hd-led-tv-80-cm-32.html,"Samsung Series 4 UA32M4000ARLXL HD LED TV, 80 cm (32)","Rs. 25,100",reliancedigital,tv
http://www.reliancedigital.in/tvs-audio/flat-television/samsung-series-5-ua43m5570aulxl-full-hd-smart-led-tv-108-cm-43.html,"Samsung Series 5 UA43M5570AULXL Full HD Smart LED TV, 108 cm (43)","Rs. 55,900",reliancedigital,tv
http://www.reliancedigital.in/tvs-audio/flat-television/sony-klv-43w772e-full-hd-smart-led-tv-108-cm-43.html,"Sony KLV-43W772E Full HD Smart LED TV, 108 cm (43)","Rs. 54,990",reliancedigital,tv
http://www.reliancedigital.in/tvs-audio/flat-television/samsung-series-5-ua43m5100akxxm-full-hd-led-tv-109-cm-43.html,"Samsung Series 5 UA43M5100AKXXM Full HD LED TV, 109 cm (43)","Rs. 44,400",reliancedigital,tv
http://www.reliancedigital.in/tvs-audio/flat-television/samsung-series-4-ua32m4100arlxl-hd-led-tv-80-cm-32.html,"Samsung Series 4 UA32M4100ARLXL HD LED TV, 80 cm (32)","Rs. 26,900",reliancedigital,tv
http://www.reliancedigital.in/tvs-audio/flat-television/sony-bravia-klv-32w622e-hd-ready-smart-led-tv-80-cm-32.html,"Sony Bravia KLV-32W622E HD Ready Smart LED TV, 80 cm (32)","Rs. 30,990",reliancedigital,tv
http://www.reliancedigital.in/tvs-audio/flat-television/sony-klv-49w672e-full-hd-smart-led-tv-123-cm-49.html,"Sony KLV-49W672E Full HD Smart LED TV, 123 cm (49)","Rs. 64,990",reliancedigital,tv
http://www.reliancedigital.in/tvs-audio/flat-television/samsung-series-5-ua32m5570aulxl-full-hd-smart-led-tv-80-cm-32.html,"Samsung Series 5 UA32M5570AULXL Full HD Smart LED TV, 80 cm (32)","Rs. 36,900",reliancedigital,tv
http://www.reliancedigital.in/tvs-audio/flat-television/samsung-series-5-ua49m5570aulxl-full-hd-smart-led-tv-123-cm-49.html,"Samsung Series 5 UA49M5570AULXL Full HD Smart LED TV, 123 cm (49)","Rs. 68,900",reliancedigital,tv
http://www.reliancedigital.in/tvs-audio/flat-television/sony-bravia-klv-40r352e-full-hd-led-tv-101-6-cm-40.html,"Sony Bravia KLV-40R352E Full HD LED TV, 101.6 cm (40)","Rs. 40,990",reliancedigital,tv
http://www.reliancedigital.in/tvs-audio/flat-television/panasonic-th-32es500d-hd-smart-led-tv-81-cm-32.html,"Panasonic TH-32ES500D HD Smart LED TV, 81 cm (32)","Rs. 29,990",reliancedigital,tv
http://www.reliancedigital.in/tvs-audio/flat-television/samsung-qa65q8camklxl-ultra-hd-smart-curved-qled-tv-163-cm-65.html,"Samsung QA65Q8CAMKLXL Ultra HD Smart Curved QLED TV, 163 cm (65)","Rs. 364,900",reliancedigital,tv
http://www.reliancedigital.in/tvs-audio/flat-television/lg-24lh480a-pt-full-hd-led-tv-60-cm-24.html,"LG 24LH480A-PT Full HD LED TV, 60 cm (24)","Rs. 13,990",reliancedigital,tv
http://www.reliancedigital.in/tvs-audio/flat-television/samsung-qa55q7famklxl-ultra-hd-smart-qled-tv-138-cm-55.html,"Samsung QA55Q7FAMKLXL Ultra HD Smart QLED TV, 138 cm (55)","Rs. 219,900",reliancedigital,tv
http://www.reliancedigital.in/tvs-audio/flat-television/panasonic-th-49ex600d-ultra-hd-smart-4k-led-tv-124-cm-49.html,"Panasonic TH-49EX600D Ultra HD Smart 4K LED TV, 124 cm (49)","Rs. 74,990",reliancedigital,tv
http://www.reliancedigital.in/tvs-audio/flat-television/panasonic-th-55ex600d-ultra-hd-smart-4k-led-tv-139-cm-55.html,"Panasonic TH-55EX600D Ultra HD Smart 4K LED TV, 139 cm (55)","Rs. 89,990",reliancedigital,tv
http://www.reliancedigital.in/tvs-audio/flat-television/lg-43lj531t-full-hd-led-tv-108-cm-43.html,"LG 43LJ531T Full HD LED TV, 108 cm (43)","Rs. 40,990",reliancedigital,tv
http://www.reliancedigital.in/tvs-audio/flat-television/lg-43lj617t-full-hd-smart-led-tv-108-cm-43.html,"LG 43LJ617T Full HD Smart LED TV, 108 cm (43)","Rs. 55,790",reliancedigital,tv
http://www.reliancedigital.in/tvs-audio/flat-television/lg-49uj752t-ultra-hd-smart-4k-led-tv-123-cm-49.html,"LG 49UJ752T Ultra HD Smart 4K LED TV, 123 cm (49)","Rs. 99,990",reliancedigital,tv
http://www.reliancedigital.in/tvs-audio/flat-television/lg-49lj554t-full-hd-smart-led-tv-123-cm-49.html,"LG 49LJ554T Full HD Smart LED TV, 123 cm (49)","Rs. 63,990",reliancedigital,tv
http://www.reliancedigital.in/tvs-audio/flat-television/lg-43uj632t-ultra-hd-smart-4k-led-tv-108-cm-43.html,"LG 43UJ632T Ultra HD Smart 4K LED TV, 108 cm (43)","Rs. 63,990",reliancedigital,tv
http://www.reliancedigital.in/tvs-audio/flat-television/samsung-series-6-ue55mu6470uxxu-ultra-hd-smart-led-tv-139-cm-55.html,"Samsung Series 6 UE55MU6470UXXU Ultra HD Smart LED TV, 139 cm (55)","Rs. 119,900",reliancedigital,tv
http://www.reliancedigital.in/tvs-audio/flat-television/lg-oled65e7t-ultra-hd-smart-oled-tv-164-cm-65.html,"LG OLED65E7T Ultra HD Smart OLED TV, 164 cm (65)","Rs. 459,990",reliancedigital,tv
http://www.reliancedigital.in/tvs-audio/flat-television/samsung-series-5-ua55m5570aulxl-full-hd-smart-led-tv-138-cm-55.html,"Samsung Series 5 UA55M5570AULXL Full HD Smart LED TV, 138 cm (55)","Rs. 92,990",reliancedigital,tv
http://www.reliancedigital.in/tvs-audio/flat-television/lg-oled55c7t-ultra-hd-smart-oled-tv-138-cm-55.html,"LG OLED55C7T Ultra HD Smart OLED TV, 138 cm (55)","Rs. 214,990",reliancedigital,tv
http://www.reliancedigital.in/tvs-audio/flat-television/samsung-series-6-ue49mu6470uxxu-ultra-hd-smart-led-tv-124-5-cm-49.html,"Samsung Series 6 UE49MU6470UXXU Ultra HD Smart LED TV, 124.5 cm (49)","Rs. 104,900",reliancedigital,tv
http://www.reliancedigital.in/tvs-audio/flat-television/samsung-7-series-un55mu7000fxza-ultra-hd-smart-4k-led-tv-139-cm-55.html,"Samsung 7 Series UN55MU7000FXZA Ultra HD Smart 4K LED TV, 139 cm (55)","Rs. 149,900",reliancedigital,tv
http://www.reliancedigital.in/tvs-audio/flat-television/reconnect-releg3902-hd-led-tv-39-inch-99-cm-18028.html,"Reconnect RELEG2801 HD LED TV, 71 cm (28)","Rs. 11,990",reliancedigital,tv
http://www.reliancedigital.in/tvs-audio/flat-television/sony-bravia-klv-24p413d-hd-led-tv-24-inch-60-96-cm.html,"Sony Bravia KLV-24P413D HD LED TV, 60.96 cm (24)","Rs. 15,490",reliancedigital,tv
http://www.reliancedigital.in/tvs-audio/flat-television/reconnect-releg3206-hd-led-tv-32-inch-81-28-cm.html,"Reconnect RELEG3206 HD LED TV, 81.28 cm (32)","Rs. 14,990",reliancedigital,tv
http://www.reliancedigital.in/tvs-audio/flat-television/sony-bravia-kdl-50w800d-full-hd-3d-smart-led-tv-50-inch-127-cm.html,"Sony Bravia KDL-50W800D Full HD 3D Smart LED TV, 127 cm (50)","Rs. 64,990",reliancedigital,tv
http://www.reliancedigital.in/tvs-audio/flat-television/samsung-series-4-ua32k4300ar-hd-smart-led-tv-32-inch-81-28-cm.html,"Samsung Series 4 UA32K4300AR HD Smart LED TV, 81.28 cm (32)","Rs. 27,990",reliancedigital,tv
http://www.reliancedigital.in/tvs-audio/flat-television/samsung-series-5-ua49k5300ar-full-hd-smart-led-tv-49-inch-124-46-cm.html,"Samsung Series 5 UA49K5300AR Full HD Smart LED TV, 124.46 cm (49)","Rs. 61,290",reliancedigital,tv
http://www.reliancedigital.in/tvs-audio/flat-television/sony-kdl-43w800d-full-hd-3d-smart-led-tv-43-inch-108-cm.html,"Sony KDL-43W800D Full HD 3D Smart LED TV, 108 cm (43)","Rs. 54,990",reliancedigital,tv
http://www.reliancedigital.in/tvs-audio/flat-television/reconnect-relee4303-ultra-hd-smart-4k-led-tv-43-inch-109-22-cm.html,"Reconnect RELEE4303 Ultra HD Smart 4K LED TV, 109.22 cm (43)","Rs. 29,990",reliancedigital,tv
http://www.reliancedigital.in/tvs-audio/flat-television/sony-bravia-klv-40w672e-full-hd-smart-led-tv-40-inch-102-cm.html,"Sony Bravia KLV-40W672E Full HD Smart LED TV, 102 cm (40)","Rs. 48,990",reliancedigital,tv
http://www.reliancedigital.in/tvs-audio/flat-television/sony-bravia-klv-32r302e-hd-ready-led-tv-32-inch-80-cm.html,"Sony Bravia KLV-32R302E HD Ready LED TV, 80 cm (32)","Rs. 23,990",reliancedigital,tv
http://www.reliancedigital.in/tvs-audio/flat-television/samsung-series-6-ua43ku6470umxl-ultra-hd-smart-4k-led-tv-43-inch-108-cm.html,"Samsung Series 6 UA43KU6470UMXL Ultra HD Smart 4K LED TV, 108 cm (43)","Rs. 69,990",reliancedigital,tv
http://www.reliancedigital.in/tvs-audio/flat-television/sony-bravia-klv-29p423d-hd-ready-led-tv-29-inch-72-4-cm.html,"Sony Bravia KLV-29P423D HD Ready LED TV, 72.4 cm (29)","Rs. 20,990",reliancedigital,tv
http://www.reliancedigital.in/tvs-audio/flat-television/samsung-series-5-ua40k5570aulxl-full-hd-smart-led-tv-40-inch-101-cm.html,"Samsung Series 5 UA40K5570AULXL Full HD Smart LED TV, 101 cm (40)","Rs. 49,990",reliancedigital,tv
http://www.reliancedigital.in/tvs-audio/flat-television/samsung-series-6-ua49ku6470umxl-ultra-hd-smart-4k-led-tv-49-inch-123-cm.html,"Samsung Series 6 UA49KU6470UMXL Ultra HD Smart 4K LED TV, 123 cm (49)","Rs. 59,990",reliancedigital,tv
http://www.reliancedigital.in/tvs-audio/flat-television/sony-kd-55x9000e-ultra-hd-smart-4k-led-tv-139-cm-55.html,"Sony KD-55X9000E Ultra HD Smart 4K LED TV, 139 cm (55)","Rs. 129,990",reliancedigital,tv
http://www.reliancedigital.in/tvs-audio/flat-television/sony-klv-49w772e-full-hd-smart-led-tv-123-cm-49.html,"Sony KLV-49W772E Full HD Smart LED TV, 123 cm (49)","Rs. 69,990",reliancedigital,tv
http://www.reliancedigital.in/tvs-audio/flat-television/sony-kd-65x9300e-ultra-hd-smart-4k-led-tv-164-cm-65.html,"Sony KD-65X9300E Ultra HD Smart 4K LED TV, 164 cm (65)","Rs. 219,990",reliancedigital,tv
http://www.reliancedigital.in/tvs-audio/flat-television/sony-kd-55x9300e-ultra-hd-smart-4k-led-tv-139-cm-55.html,"Sony KD-55X9300E Ultra HD Smart 4K LED TV, 139 cm (55)","Rs. 179,990",reliancedigital,tv
http://www.reliancedigital.in/tvs-audio/flat-television/sony-kd-43x8200e-ultra-hd-smart-4k-led-tv-108-cm-43.html,"Sony KD-43X8200E Ultra HD Smart 4K LED TV, 108 cm (43)","Rs. 79,990",reliancedigital,tv
http://www.reliancedigital.in/tvs-audio/flat-television/samsung-qa65q7famwxxy-ultra-hd-smart-qled-tv-165-cm-65.html,"Samsung QA65Q7FAMWXXY Ultra HD Smart QLED TV, 165 cm (65)","Rs. 359,900",reliancedigital,tv
http://www.reliancedigital.in/tvs-audio/flat-television/samsung-qa55q8camklxl-ultra-hd-smart-curved-qled-tv-138-cm-55.html,"Samsung QA55Q8CAMKLXL Ultra HD Smart Curved QLED TV, 138 cm (55)","Rs. 229,900",reliancedigital,tv
http://www.reliancedigital.in/tvs-audio/flat-television/sony-kd-43x7002e-ultra-hd-smart-4k-led-tv-108-cm-43.html,"Sony KD-43X7002E Ultra HD Smart 4K LED TV, 108 cm (43)","Rs. 60,990",reliancedigital,tv
http://www.reliancedigital.in/tvs-audio/flat-television/sony-kd-49x7002e-ultra-hd-smart-4k-led-tv-123-cm-49.html,"Sony KD-49X7002E Ultra HD Smart 4K LED TV, 123 cm (49)","Rs. 79,990",reliancedigital,tv
http://www.reliancedigital.in/tvs-audio/flat-television/sony-kd-55x8200e-ultra-hd-smart-4k-led-tv-139-cm-55.html,"Sony KD-55X8200E Ultra HD Smart 4K LED TV, 139 cm (55)","Rs. 119,990",reliancedigital,tv
http://www.reliancedigital.in/tvs-audio/flat-television/sony-kd-49x8200e-ultra-hd-smart-4k-led-tv-123-cm-49.html,"Sony KD-49X8200E Ultra HD Smart 4K LED TV, 123 cm (49)","Rs. 99,990",reliancedigital,tv
http://www.reliancedigital.in/tvs-audio/flat-television/sony-kd-75x9400e-ultra-hd-smart-4k-led-tv-189-cm-75.html,"Sony KD-75X9400E Ultra HD Smart 4K LED TV, 189 cm (75)","Rs. 499,900",reliancedigital,tv
http://www.reliancedigital.in/tvs-audio/flat-television/sony-kd-65x9000e-ultra-hd-smart-4k-led-tv-164-cm-65.html,"Sony KD-65X9000E Ultra HD Smart 4K LED TV, 164 cm (65)","Rs. 199,900",reliancedigital,tv
http://www.reliancedigital.in/tvs-audio/flat-television/reconnect-releg2403-hd-ready-led-tv-61-cm-24.html,"Reconnect RELEG2403 HD Ready LED TV, 61 cm (24)","Rs. 7,990",reliancedigital,tv
http://www.reliancedigital.in/tvs-audio/flat-television/vu-play-series-32d7545-hd-ready-led-tv-80-cm-32.html,"VU Play Series 32D7545 HD Ready LED TV, 80 cm (32)","Rs. 14,990",reliancedigital,tv
http://www.reliancedigital.in/tvs-audio/flat-television/vu-premium-smart-series-32d6475-hd-smart-led-tv-80-cm-32.html,"VU Premium Smart Series 32D6475 HD Smart LED TV, 80 cm (32)","Rs. 16,990",reliancedigital,tv
http://www.reliancedigital.in/tvs-audio/flat-television/vu-premium-smart-series-49s6575-full-hd-smart-led-tv-124-cm-49.html,"VU Premium Smart Series 49S6575 Full HD Smart LED TV, 124 cm (49)","Rs. 29,990",reliancedigital,tv
http://www.reliancedigital.in/tvs-audio/flat-television/vu-premium-uhd-series-43s6575-ultra-hd-smart-led-tv-109-cm-43.html,"VU Premium UHD Series 43S6575 Ultra HD Smart LED TV, 109 cm (43)","Rs. 34,990",reliancedigital,tv
http://www.reliancedigital.in/tvs-audio/flat-television/sharp-lc-40le185m-full-hd-led-tv-101-6-cm-40.html,"Sharp LC-40LE185M Full HD LED TV, 101.6 cm (40)","Rs. 29,990",reliancedigital,tv
http://www.reliancedigital.in/tvs-audio/flat-television/sharp-24le175i-hd-led-tv-61-cm-24.html,"Sharp 24LE175I HD LED TV, 61 cm (24)","Rs. 10,990",reliancedigital,tv
http://www.reliancedigital.in/tvs-audio/flat-television/sharp-lc-32le185m-hd-led-tv-81-28-cm-32.html,"Sharp LC-32LE185M HD LED TV, 81.28 cm (32)","Rs. 20,990",reliancedigital,tv
http://www.reliancedigital.in/tvs-audio/flat-television/lg-55uj752t-ultra-hd-smart-4k-led-tv-139-cm-55.html,"LG 55UJ752T Ultra HD Smart 4K LED TV, 139 cm (55)","Rs. 124,990",reliancedigital,tv
http://www.reliancedigital.in/tvs-audio/flat-television/lg-55uj652t-ultra-hd-smart-4k-led-tv-139-cm-55.html,"LG 55UJ652T Ultra HD Smart 4K LED TV, 139 cm (55)","Rs. 99,900",reliancedigital,tv
http://www.reliancedigital.in/tvs-audio/flat-television/lg-49uj652t-ultra-hd-smart-4k-led-tv-123-cm-49.html,"LG 49UJ652T Ultra HD Smart 4K LED TV, 123 cm (49)","Rs. 84,990",reliancedigital,tv
http://www.reliancedigital.in/tvs-audio/flat-television/samsung-series-5-ua40k5000arlxl-full-hd-led-tv-100-cm-40.html,"Samsung Series 5 UA40K5000ARLXL Full HD LED TV, 100 cm (40)","Rs. 38,500",reliancedigital,tv
http://www.reliancedigital.in/tvs-audio/flat-television/samsung-series-5-ua40m5000arlxl-full-hd-led-tv-100-cm-40.html,"Samsung Series 5 UA40M5000ARLXL Full HD LED TV, 100 cm (40)","Rs. 39,000",reliancedigital,tv
http://www.reliancedigital.in/tvs-audio/flat-television/samsung-the-frame-ue55ls003auxxc-ultra-hd-smart-led-tv-139-7-cm-55.html,"Samsung The Frame UE55LS003AUXXC Ultra HD Smart LED TV, 139.7 cm (55)","Rs. 164,900",reliancedigital,tv
http://www.reliancedigital.in/tvs-audio/flat-television/samsung-the-frame-ue65ls003auxxc-ultra-hd-smart-led-tv-165-1-cm-65.html,"Samsung The Frame UE65LS003AUXXC Ultra HD Smart LED TV, 165.1 cm (65)","Rs. 279,900",reliancedigital,tv
http://www.reliancedigital.in/tvs-audio/flat-television/sony-xbr-65a1e-ultra-hd-smart-4k-oled-tv-165-cm-65.html,"Sony XBR-65A1E Ultra HD Smart 4K OLED TV, 165 cm (65)","Rs. 399,990",reliancedigital,tv
http://www.reliancedigital.in/tvs-audio/flat-television/samsung-series-5-ua49m5100arlxl-full-hd-led-tv-124-46-cm-49.html,"Samsung Series 5 UA49M5100ARLXL Full HD LED TV, 124.46 cm (49)","Rs. 51,200",reliancedigital,tv
http://www.reliancedigital.in/tvs-audio/flat-television/samsung-series-6-ua43mu6100wxxy-ultra-hd-smart-led-tv-109-22-cm-43.html,"Samsung Series 6 UA43MU6100WXXY Ultra HD Smart LED TV, 109.22 cm (43)","Rs. 56,300",reliancedigital,tv
http://www.reliancedigital.in/tvs-audio/flat-television/samsung-series-6-ua49m6300aklxl-full-hd-smart-curved-led-tv-123-cm-49.html,"Samsung Series 6 UA49M6300AKLXL Full HD Smart Curved LED TV, 123 cm (49)","Rs. 64,990",reliancedigital,tv
http://www.reliancedigital.in/tvs-audio/flat-television/samsung-series-6-ua55m6300aklxl-full-hd-smart-curved-led-tv-138-cm-55.html,"Samsung Series 6 UA55M6300AKLXL Full HD Smart Curved LED TV, 138 cm (55)","Rs. 97,100",reliancedigital,tv
http://www.reliancedigital.in/tvs-audio/flat-television/samsung-series-6-ua50mu6100wxxy-ultra-hd-smart-led-tv-127-cm-50.html,"Samsung Series 6 UA50MU6100WXXY Ultra HD Smart LED TV, 127 cm (50)","Rs. 83,900",reliancedigital,tv
http://www.reliancedigital.in/tvs-audio/flat-television/samsung-series-5-ua43k5002akxxl-full-hd-led-tv-108-cm-43.html,"Samsung Series 5 UA43K5002AKXXL Full HD LED TV, 108 cm (43)","Rs. 41,300",reliancedigital,tv
http://www.reliancedigital.in/tvs-audio/flat-television/samsung-series-5-ua32k5300arlxl-full-hd-smart-led-tv-80-cm-32.html,"Samsung Series 5 UA32K5300ARLXL Full HD Smart LED TV, 80 cm (32)","Rs. 36,300",reliancedigital,tv
http://www.reliancedigital.in/tvs-audio/flat-television/sony-bravia-xbr-55a1e-ultra-hd-smart-4k-oled-tv-139-7-cm-55.html,"Sony Bravia XBR-55A1E Ultra HD Smart 4K OLED TV, 139.7 cm (55)","Rs. 299,990",reliancedigital,tv
http://www.reliancedigital.in/tvs-audio/flat-television/lg-49lj617t-full-hd-smart-led-tv-123-cm-49.html,"LG 49LJ617T Full HD Smart LED TV, 123 cm (49)","Rs. 67,990",reliancedigital,tv
http://www.reliancedigital.in/tvs-audio/flat-television/lg-43uj652t-ultra-hd-smart-led-tv-108-cm-43.html,"LG 43UJ652T Ultra HD Smart LED TV, 108 cm (43)","Rs. 67,090",reliancedigital,tv
http://www.reliancedigital.in/tvs-audio/flat-television/samsung-series-7-ue75mu7000txxu-ultra-hd-smart-4k-led-tv-190-5-cm-75.html,"Samsung Series 7 UE75MU7000TXXU Ultra HD Smart 4K LED TV, 190.5 cm (75)","Rs. 499,900",reliancedigital,tv
http://www.reliancedigital.in/tvs-audio/flat-television/lg-oled55e7t-ultra-hd-smart-oled-tv-138-cm-55.html,"LG OLED55E7T Ultra HD Smart OLED TV, 138 cm (55)","Rs. 309,990",reliancedigital,tv
http://www.reliancedigital.in/tvs-audio/flat-television/samsung-series-7-ue49mu7000txxu-ultra-hd-smart-4k-led-tv-124-46-cm-49.html,"Samsung Series 7 UE49MU7000TXXU Ultra HD Smart 4K LED TV, 124.46 cm (49)","Rs. 117,900",reliancedigital,tv
http://www.reliancedigital.in/tvs-audio/flat-television/sony-kd-85x8500d-ultra-hd-smart-4k-led-tv-215-cm-85.html,"Sony KD-85X8500D Ultra HD Smart 4K LED TV, 215 cm (85)","Rs. 999,900",reliancedigital,tv
http://www.reliancedigital.in/tvs-audio/flat-television/lg-43uj752t-ultra-hd-smart-4k-led-tv-108-43.html,"LG 43UJ752T Ultra HD Smart 4K LED TV, 108 (43)","Rs. 74,990",reliancedigital,tv
http://www.reliancedigital.in/tvs-audio/flat-television/lg-32lj573d-hd-smart-led-tv-80-cm-32.html,"LG 32LJ573D HD Smart LED TV, 80 cm (32)","Rs. 26,690",reliancedigital,tv
http://www.reliancedigital.in/tvs-audio/flat-television/lg-43lj554t-full-hd-smart-led-tv-108-cm-43.html,"LG 43LJ554T Full HD Smart LED TV, 108 cm (43)","Rs. 48,290",reliancedigital,tv
http://www.reliancedigital.in/tvs-audio/flat-television/reconnect-releb4304-full-hd-smart-led-tv-109-22-cm-43.html,"Reconnect RELEB4304 Full HD Smart LED TV, 109.22 cm (43)","Rs. 27,990",reliancedigital,tv
http://www.reliancedigital.in/tvs-audio/flat-television/reconnect-releb3207-hd-smart-led-tv-81-28-cm-32.html,"Reconnect RELEB3207 HD Smart LED TV, 81.28 cm (32)","Rs. 18,990",reliancedigital,tv
http://www.reliancedigital.in/tvs-audio/flat-television/sharp-aquos-lc-60ua6800x-ultra-hd-smart-4k-led-tv-152-4-cm-60.html,"Sharp Aquos LC-60UA6800X Ultra HD Smart 4K LED TV, 152.4 cm (60)","Rs. 99,990",reliancedigital,tv
http://www.reliancedigital.in/tvs-audio/flat-television/sharp-aquos-lc-40le380x-full-hd-smart-led-tv-101-6-cm-40.html,"Sharp Aquos LC-40LE380X Full HD Smart LED TV, 101.6 cm (40)","Rs. 32,990",reliancedigital,tv
http://www.reliancedigital.in/tvs-audio/flat-television/sharp-aquos-lc-50ua6800x-ultra-hd-smart-4k-led-tv-127-cm-50.html,"Sharp Aquos LC-50UA6800X Ultra HD Smart 4K LED TV, 127 cm (50)","Rs. 69,990",reliancedigital,tv
http://www.reliancedigital.in/tvs-audio/flat-television/sharp-aquos-lc-50ua6500x-ultra-hd-smart-4k-led-tv-127-cm-50.html,"Sharp Aquos LC-50UA6500X Ultra HD Smart 4K LED TV, 127 cm (50)","Rs. 59,990",reliancedigital,tv
http://www.reliancedigital.in/tvs-audio/flat-television/reconnect-releg4901-full-hd-led-tv-49-inch-124-46-cm.html,"Reconnect RELEG4901 Full HD LED TV, 124.46 cm (49)","Rs. 34,990",reliancedigital,tv
http://www.reliancedigital.in/tvs-audio/flat-television/reconnect-55u5570-ultra-hd-led-tv-139-7-cm-55.html,"Reconnect 55U5570 Ultra HD LED TV, 139.7 cm (55)","Rs. 42,990",reliancedigital,tv
http://www.reliancedigital.in/tvs-audio/flat-television/vu-popsmart-50bs115-full-hd-smart-led-tv-124-cm-49.html,"VU PopSmart 50BS115 Full HD Smart LED TV, 124 cm (49)","Rs. 39,990",reliancedigital,tv
http://www.reliancedigital.in/tvs-audio/flat-television/sony-klv-32r422e-hd-ready-led-tv-80-cm-32.html,"Sony KLV-32R422E HD Ready LED TV, 80 cm (32)","Rs. 27,990",reliancedigital,tv
http://www.reliancedigital.in/tvs-audio/flat-television/sony-klv-32w672e-full-hd-smart-led-tv-81-28-cm-32.html,"Sony KLV-32W672E Full HD Smart LED TV, 81.28 cm (32)","Rs. 35,990",reliancedigital,tv
http://www.reliancedigital.in/tvs-audio/flat-television/lg-32lj542d-hd-ready-led-tv-80-cm-32.html,"LG 32LJ542D HD Ready LED TV, 80 cm (32)","Rs. 24,490",reliancedigital,tv
http://www.reliancedigital.in/tvs-audio/flat-television/reconnect-releg3903-hd-ready-led-tv-99-cm-39.html,"Reconnect RELEG3903 HD Ready LED TV, 99 cm (39)","Rs. 17,990",reliancedigital,tv
http://www.reliancedigital.in/tvs-audio/flat-television/sharp-aquos-lc-32sa4500x-hd-smart-led-tv-81-28-cm-32.html,"Sharp Aquos LC-32SA4500X HD Smart LED TV, 81.28 cm (32)","Rs. 21,990",reliancedigital,tv
http://www.reliancedigital.in/tvs-audio/flat-television/samsung-series-4-ua24h4003ar-hd-led-tv-24-inch-60-96-cm.html,"Samsung Series 4 UA24H4003AR HD LED TV, 60.96 cm (24)","Rs. 14,200",reliancedigital,tv
http://www.reliancedigital.in/tvs-audio/flat-television/samsung-series-4-32fh4003-hd-led-tv-32-inch-81-28-cm.html,"Samsung Series 4 32FH4003 HD LED TV, 81.28 cm (32)","Rs. 22,900",reliancedigital,tv
http://www.reliancedigital.in/tvs-audio/flat-television/samsung-series-4-24j4100-hd-led-tv-24-inch-60-96-cm.html,"Samsung Series 4 24J4100 HD LED TV, 60.96 cm (24)","Rs. 15,200",reliancedigital,tv
http://www.reliancedigital.in/tvs-audio/flat-television/reconnect-relee5502-ultra-hd-smart-4k-led-tv-55-inch-139-7-cm.html,"Reconnect RELEE5502 Ultra HD Smart 4K LED TV, 139.7 cm (55)","Rs. 44,990",reliancedigital,tv