url,keyfeatures,brand,price,source,category
https://www.croma.com/hitachi-140-cm-55-inch-4k-ultra-hd-led-smart-tv-black-ld55sys02u-ciwn-/p/207611,"[""55 Inches Screen Size"",""Wi-Fi Connectivity"",""20W Audio Output Power"",""USB And HDMI Connectivity""]","Hitachi 140 cm (55 inch) 4k Ultra HD LED Smart TV (Black, LD55SYS02U-CIWN)","69,990",croma,tv
https://www.croma.com/hitachi-165-cm-65-inch-4k-ultra-hd-led-smart-tv-black-ld65sys02u-ciwn-/p/207612,"[""65 Inches Screen Size"",""Dual Core 1.0GHz Processor"",""20W Audio Output Power"",""2x USB And 2x HDMI Connectivity"",""1 GB RAM, 8 GB ROM""]","Hitachi 165 cm (65 inch) 4k Ultra HD LED Smart TV (Black, LD65SYS02U-CIWN)","129,990",croma,tv
https://www.croma.com/samsung-108-cm-43-inch-4k-ultra-hd-led-smart-tv-43mu6470-/p/207610,"[""Active Crystal Colour"",""UHD Resolution And Dimming"",""Smart View Feature"",""One Remote Control"",""Boundless 360 Degree Design""]",Samsung 108 cm (43 inch) 4k Ultra HD LED Smart TV (43MU6470),"66,405",croma,tv
https://www.croma.com/croma-101-cm-40-inch-full-hd-led-tv-black-crel7335-/p/207732,"[""A Grade Samsung Panel"",""2 x USB And HDMI Connectivity"",""10W + 10W Audio Output Power"",""200000:1 Contrast Ratio"",""1920 x 1080 Pixels Full HD Display""]","Croma 101 cm (40 inch) Full HD LED TV (Black, CREL7335)","22,990",croma,tv
https://www.croma.com/croma-81-cm-32-inch-hd-ready-led-tv-black-crel7316-/p/208222,"[""32 Inches Screen Size"",""1 x USB; 1 x HDMI Connectivity"",""20W Audio Output Power"",""Cinema View Feature"",""1366 x 768 HDR Resolution""]","Croma 81 cm (32 inch) HD Ready LED TV (Black, CREL7316)","14,490",croma,tv
https://www.croma.com/croma-80-cm-32-inch-hd-ready-led-tv-black-crel7317-/p/208223,"[""Audio Output Power 10W x 2"",""Two Way Wireless Bluetooth Audio"",""32 Inches Screen Size"",""Cinema View Feature"",""A Grade Panel""]","Croma 80 cm (32 inch) HD Ready LED TV (Black, CREL7317)","15,490",croma,tv
https://www.croma.com/croma-led-hdr-60cm-24inch-crel7071/p/208224,"[""Audio Output Power 10 x 2W"",""In-built Games"",""24 Inches Screen Size"",""Cinema View Feature"",""Eco Picture Feature""]",CROMA LED HDR 60cm 24inch CREL7071,"9,490",croma,tv
https://www.croma.com/croma-98-cm-39-inch-hd-ready-led-tv-black-crel7336-/p/208567,"[""98 cm Screen Size"",""2 USB And 3 HDMI Connectivity"",""8W + 8W Audio Output Power"",""Cinema View Feature"",""1366 x 768 Resolution""]","Croma 98 cm (39 inch) HD Ready LED TV (Black, CREL7336)","19,990",croma,tv
https://www.croma.com/samsung-80-cm-31-49-inch-hd-led-smart-tv-black-32m4300-/p/208507,"[""Ultra Clean View"",""PurColour Feature"",""Smart Hub"",""Micro Dimming Pro"",""Built-in Wireless LAN""]","Samsung 80 cm (31.49 inch) HD LED Smart TV (Black, 32M4300)","27,075",croma,tv
https://www.croma.com/sony-80-cm-32-inch-hd-ready-led-tv-black-klv-32r302f-/p/208918,"[""80cm Screen Size"",""Clear Resolution Enhancer"",""5W + 5W Audio Output Power"",""USB And HDMI Connectivity"",""Live Colour Technology""]","Sony 80 cm (32 inch) HD Ready LED TV (Black, KLV-32R302F)","25,990",croma,tv
https://www.croma.com/sony-80-cm-32-inch-hd-ready-led-tv-black-klv-32w622f-/p/209180,"[""80cm Screen Size"",""Dynamic Contrast Enhancer"",""8W + 8W + 14W Audio Output Power"",""USB And HDMI Connectivity"",""Live Colour Technology""]","Sony 80 cm (32 inch) HD Ready LED TV (Black, KLV- 32W622F)","32,990",croma,tv
https://www.croma.com/sony-80-cm-32-inch-hd-ready-led-smart-tv-black-klv-32r422f-/p/209267,"[""High Dynamic Range"",""Plug and Play Feature"",""ClearAudio+ Feature"",""X-Reality PRO"",""80 cm Screen Size""]","Sony 80 cm (32 inch) HD Ready LED Smart TV (Black, KLV- 32R422F)","29,990",croma,tv
https://www.croma.com/sony-101-6-cm-40-inch-full-hd-led-tv-black-klv-40r352f-/p/209268,"[""Dynamic Contrast Enhancer"",""Clear Resolution Enhancer"",""Live Colour Technology"",""Motionflow XR 100 Hz"",""Motionflow XR 100 Hz""]","Sony 101.6 cm (40 inch) Full HD LED TV (Black, KLV-40R352F)","45,990",croma,tv
https://www.croma.com/sony-109-cm-43-inch-full-hd-led-smart-tv-black-klv-43w662f-/p/209269,"[""Dynamic Contrast Enhancer"",""Live Colour Technology"",""ClearAudio+ Feature"",""X-Reality PRO"",""Wi-Fi Certified""]","Sony 109 cm (43 inch) Full HD LED Smart TV (Black, KLV- 43W662F)","52,990",croma,tv
https://www.croma.com/sony-127-cm-50-inch-full-hd-led-smart-tv-black-klv-50w662f-/p/209270,"[""High Dynamic Range"",""One Click YouTube Access"",""ClearAudio+ Feature"",""X-Reality PRO"",""127 cm Screen Size""]","Sony 127 cm (50 inch) Full HD LED Smart TV (Black, KLV-50W662F)","69,990",croma,tv
https://www.croma.com/sony-80-cm-32-inch-led-tv-klv-32r202f-black-/p/209327,"[""80cm Screen Size"",""Clear Resolution Enhancer"",""10W + 10W Audio Output Power"",""USB And HDMI Connectivity"",""Live Colour Technology""]","Sony 80 cm (32 inch) LED TV (KLV-32R202F, Black)","22,990",croma,tv
https://www.croma.com/sony-102-cm-40-inch-full-hd-led-tv-black-klv-40r252f-/p/209328,"[""102cm Screen Size"",""Clear Resolution Enhancer"",""10W + 10W Audio Output Power"",""USB And HDMI Connectivity"",""Live Colour Technology""]","Sony 102 cm (40 inch) Full HD LED TV (Black, KLV-40R252F)","41,990",croma,tv
https://www.croma.com/onida-81-28-cm-32-inch-hd-ready-led-tv-black-leo32ha1-/p/209345,"[""80cm Screen Size"",""178 Degree Viewing Angle"",""8W + 8W Audio Output Power"",""2 USB And 2 HDMI Connectivity"",""ADS LED Panel""]","Onida 81.28 cm (32 inch) HD Ready LED TV (Black, LEO32HA1)","15,990",croma,tv
https://www.croma.com/onida-109-22-cm-43-inch-full-hd-led-tv-black-43fb1-2-/p/209348,"[""43-inch Screen Size"",""178 Degree Viewing Angle"",""8W + 8W Audio Output Power"",""2 USB And 2 HDMI Connectivity"",""ADS LED Panel""]","Onida 109.22 cm (43 inch) Full HD LED TV (Black, 43FB1/2)","27,990",croma,tv
https://www.croma.com/croma-98-cm-39-inch-hd-ready-led-smart-tv-black-crel7341-/p/209306,"[""Audio Output Power 10 x 2W"",""178 Degree Viewing Angle"",""98 cm Screen Size"",""Internet Connectivity"",""Screen Mirroring""]","Croma 98 cm (39 inch) HD Ready LED Smart TV (Black, CREL7341)","22,990",croma,tv
https://www.croma.com/croma-109-cm-43-inch-full-hd-led-tv-black-crel7337-/p/209416,"[""Audio Output Power 10 x 2W"",""178 Degree Viewing Angle"",""109 cm Screen Size"",""Cinema Zoom Feature"",""200000: 1 Contrast Ratio""]","Croma 109 cm (43 inch) Full HD LED TV (Black, CREL7337)","24,990",croma,tv
https://www.croma.com/onida-61-cm-24-inch-hd-ready-led-tv-black-leo24hrd-/p/195500,"[""61cm Screen Size"",""iPlayon Feature"",""20W Audio Output Power"",""USB And HDMI Connectivity"",""HD Ready Picture Quality""]","Onida 61 cm (24 inch) HD Ready LED TV (Black, LEO24HRD)","10,990",croma,tv
https://www.croma.com/onida-109-cm-43-inch-full-hd-led-tv-black-leo43fiab2-/p/197930,"[""109 cm Screen Size"",""ARM A7 Quad Core Processor"",""16W Audio Output Power"",""Screen Mirroring"",""Internet Connectivity""]","Onida 109 cm (43 inch) Full HD LED TV (Black, LEO43FIAB2)","32,990",croma,tv
https://www.croma.com/kodak-81-28-cm-32-inch-hd-ready-led-tv-32hdx900s-black-/p/209909,"[""32-inch Screen Size"",""178 Degree Viewing Angle"",""2 x 10W Audio Output Power"",""2 USB And 1 HDMI Connectivity"",""HD Ready Display""]","Kodak 81.28 cm (32 inch) HD Ready LED TV (32HDX900S,Black)","12,500",croma,tv
https://www.croma.com/sony-kd-43x7500e-109cm-43inch-4k-uhd-led-smart-tv/p/203761,"[""Clear Audio Plus Technology"",""4K X-Reality PRO Processor"",""Motionflow XR"",""Android Platform"",""Narrow Aluminum Look Frame Design""]",Sony KD-43X7500E 109cm (43inch) 4K UHD LED Smart TV,"64,990",croma,tv
https://www.croma.com/sony-kd-49x7002e-124cm-49inch-4k-ultra-hd-led-smart-tv/p/203762,"[""Clear Audio Plus Technology"",""4K X-Reality PRO Processor"",""HDR Gaming"",""Instant YouTube Access"",""Narrow Aluminum Frame Design""]",Sony KD-49X7002E 124cm (49inch) 4K Ultra HD LED Smart TV,"79,990",croma,tv
https://www.croma.com/sony-kd-49x7500e-124cm-49inch-4k-ultra-hd-led-smart-tv/p/203763,"[""Smart Android Platform"",""Edge LED Backlight"",""4K 3840x2160 Ultra HD Resolution"",""Live Colour Technology"",""DTS Digital Surround Sound""]",Sony KD-49X7500E 124cm (49inch) 4K Ultra HD LED Smart TV,"84,990",croma,tv
https://www.croma.com/sony-kd-55x7002e-140cm-55inch-4k-ultra-hd-led-smart-tv/p/203764,"[""Clear Audio Plus Technology"",""4K X-Reality PRO Processor"",""Miracast Technology"",""Instant YouTube Access"",""3 HDMI Ports""]",Sony KD-55X7002E 140cm (55inch) 4K Ultra HD LED Smart TV,"89,990",croma,tv
https://www.croma.com/sony-kd-65x7002e-124-46cm-65inch-4k-ultra-hd-smart-led-tv/p/203765,"[""Clear Audio Plus Technology"",""4K X-Reality PRO Processor"",""HDR Gaming"",""Instant YouTube Access"",""Instant Net Flix Access""]",Sony KD-65X7002E 124.46cm (65inch) 4K Ultra HD Smart LED TV,"179,990",croma,tv
https://www.croma.com/samsung-ua40m5000-102cm-40inch-full-hd-led-tv/p/203766,"[""40 Inches Display"",""Clean View Technology"",""Two HDMI And Two USB Ports"",""Wide Colour Enhancer Technology"",""Powerful Resolution Of 1920 X 1080 Pixels""]",Samsung UA40M5000 102cm (40inch) Full HD LED TV,"37,050",croma,tv
https://www.croma.com/samsung-109cm-43inch-4k-ultra-hd-led-smart-tv-43mu6100-/p/203767,"[""Premium Smart Remote Control"",""Vibrant Image Up Scaling"",""Voice Command Control"",""UHD Resolution""]",Samsung 109cm (43inch) 4K Ultra HD LED Smart TV (43MU6100),"53,485",croma,tv
https://www.croma.com/samsung-49m5100-124cm-49inch-full-hd-led-tv-2017-edition-/p/203768,"["" Mobile Mirroring"","" Clean View Technology"","" Two HDMI Ports"","" Sleek Design""]",Samsung 49M5100 124cm (49inch) Full HD LED TV (2017 Edition),"48,640",croma,tv
https://www.croma.com/samsung-55mu6470-138cm-55inch-ultra-hd-led-smart-tv-2017-edition-/p/203770,"[""Vibrant Image Up Scaling"",""Sleek Design"",""UHD Resolution"",""Premium Smart Remote Control""]",Samsung 55MU6470 138cm (55inch) Ultra HD LED Smart TV (2017 Edition),"113,905",croma,tv
https://www.croma.com/samsung-65mu6470-165cm-65inch-4k-ultra-hd-led-smart-tv-2017-edition-/p/203771,"["" Vibrant Image Up Scaling"","" UHD Resolution"","" Premium Smart Remote Control"","" Sleek Design""]",Samsung 65MU6470 165cm (65inch) 4K Ultra HD LED Smart TV (2017 Edition),"194,655",croma,tv
https://www.croma.com/lg-65uj752t-164cm-65inch-4k-ultra-hd-led-tv-2017-edition-/p/203772,"[""Smart Remote Control"",""Miracast Feature"",""Ultra HD Resolution"",""Ultra Luminance"",""webOS""]",LG 65UJ752T 164cm (65inch) 4K Ultra HD LED TV (2017 Edition),"209,990",croma,tv
https://www.croma.com/panasonic-th-65dx700d-164cm-65-inch-3d-4k-ultra-hd-led-tv/p/203908,"[""HEXA Chroma Drive Plus"",""High Dynamic Range (HDR) content"",""Super Bright Panel display"",""Firefox OS Smart TV""]",Panasonic TH-65DX700D 164cm (65 inch) 3D 4K Ultra HD LED TV,"184,990",croma,tv
https://www.croma.com/sony-kd49x9000e-123-2cm-49inch-4k-hdr-led-tv/p/203961,"[""49 Inches Wide Vibrant Display"",""Bravia Screen"",""Android TV"",""Miracast Technology""]",Sony KD49X9000E 123.2cm (49inch) 4K HDR LED TV,"119,990",croma,tv
https://www.croma.com/croma-led-full-hd-122cm-48inch-smart-el7325-v-3/p/203949,"[""Full HD Resolution (1920 x 1080)p"",""A + Grade, Zero Dot Panel"",""2 x HDMI | 2 x USB"",""Built-in Ethernet port and Wi-Fi module"",""Screen mirroring""]",Croma LED Full HD 122cm (48inch) Smart -EL7325 V.3,"34,990",croma,tv
https://www.croma.com/hitachi-ld50sy12a-ciw-127-cm-50-inch-lcd-tv-black-/p/204425,"[""Full HD (1920 x 1080)p"",""A + Grade, Zero Dot Panel"",""2 x HDMI | 1 x USB"",""USB Movies (Plays almost all audio, video formats)
 ""]",Hitachi LD50SY12A-CIW 127 cm (50 inch) LCD TV (Black),"54,990",croma,tv
https://www.croma.com/sony-kd-55a1e-139-7cm-55inch-4k-ultra-hd-oled-smart-tv/p/204396,"["" 4K Ultra HD resolution "","" 4K X-Reality Pro Clarity Enhancer"","" High-fidelity Audio Quality"","" Dual Database processing "","" Motionflow XR Technology ""]",Sony KD-55A1E 139.7cm (55inch) 4K Ultra HD OLED Smart TV,"299,990",croma,tv
https://www.croma.com/sony-65a1e-164cm-65inch-4k-ultra-hd-oled-smart-tv/p/204397,"[""3840 x 2160 Pixels Display Resolution"",""65-Inch OLED Screen"",""4K HDR Processor X1 Extreme Picture Processor"",""Digital Sound Enhancement Engine"",""Cinematic S-Force Front Surround Sound""]",Sony 65A1E 164cm (65inch) 4K Ultra HD OLED Smart TV,"399,990",croma,tv
https://www.croma.com/panasonic-th-32e201dx-80cm-32inch-hd-led-tv/p/204337,"[""Vivid Digital Pro Feature"",""USB And HDMI Connectivity"",""V-Audio Surround Sound"",""Noise Reduction Feature"",""Full Range Speakers""]",Panasonic TH-32E201DX 80cm (32inch) HD LED TV,"23,590",croma,tv
https://www.croma.com/lg-oled65b7t-165cm-65inch-ultra-hd-oled-tv/p/204710,"[""Self Lightning Pixel Technology"",""Active HDR with Dolby Vision"",""Infinite Contrast Pixels"",""webOS Smart TV"",""Dolby Digital Decoder""]",LG OLED65B7T 165cm (65inch) Ultra HD OLED TV,"298,000",croma,tv
https://www.croma.com/croma-led-hdr-71cm-28inch-el7069/p/205144,"[""HDR (1366 x 768)p
 A + Grade"",""Zero Dot Panel"",""1 x HDMI | 2 x USB
 USB Movies (Plays almost all audio video formats)""]",Croma LED HDR 71cm (28inch) - EL7069,"10,990",croma,tv
https://www.croma.com/croma-crel7070-60cm-24inch-hd-ready-led-tv/p/205598,"[""HD Ready LED Display"",""USB And HDMI Connectivity"",""10W + 10W Audio Output Power"",""178 Degree Viewing Angle"",""1366 x 768 Pixels LED Display""]",Croma CREL7070 60cm (24inch) HD Ready LED TV,"9,990",croma,tv
https://www.croma.com/croma-81cm-32-inch-hd-ready-led-tv-black-el7315-/p/205599,"[""HDR (1366 x 768)p"",""A + Grade, Zero Dot Panel"",""2 x HDMI | 2 x USB"",""Bluetooth Enabled""]","Croma 81cm (32 inch) HD Ready LED TV (Black, EL7315)","11,994",croma,tv
https://www.croma.com/croma-led-full-hd-122cm-48inch-el7330/p/206591,"[""48 Inches Wide Screen Experience"",""USB And HDMI Connectivity"",""A + Grade, Zero Dot Panel"",""2 x 10W Audio Output Power"",""USB Movies (Plays Almost All Audio, Video Formats)""]",Croma LED Full HD 122cm (48inch) - EL7330,"24,994",croma,tv
https://www.croma.com/samsung-138-cm-55-inch-4k-ultra-hd-frame-led-smart-tv-black-55ls003-/p/206862,"[""4K UHD Picture Quality"",""HDR Technology"",""Fashion Art Feature"",""Light Sensor Technology"",""HDMI and USB Connectivity""]","Samsung 138 cm (55 inch) 4k Ultra HD Frame LED Smart TV (Black, 55LS003)","219,900",croma,tv
https://www.croma.com/panasonic-led-140cm-th-55ex600d/p/203422,"[""Sleek Design with a Flexible Pedestal"",""Natural 6-Colour Reproduction"",""4K Picture Quality"",""IPS LED Super Bright Plus Technology"",""Picture Uniformity Sheet""]",PANASONIC LED 140cm TH-55EX600D,"101,990",croma,tv
https://www.croma.com/panasonic-140cm-55inch-4k-ultra-hd-tv-th-55ex600d-/p/203423,"[""4K Hexa Chroma Drive"",""IPS LED Superbright Plus Panel"",""Pure Picture Uniformity Sheet"",""Noise Reduction Feature"",""In-Built Home Theatre""]",Panasonic 140cm (55inch) 4K ULTRA HD TV (TH-55EX600D),"101,990",croma,tv
https://www.croma.com/panasonic-th-32e400d-80cm-32inch-hd-led-tv/p/203380,"["" 80 Cms Wide Vibrant Display "","" Audio V surround Technology"","" Dot Noise Reduction"","" HDMI Connectivity""]",Panasonic TH-32E400D 80cm (32inch) HD LED TV,"23,900",croma,tv
https://www.croma.com/panasonic-th-32es500d-80cm-32inch-hd-led-tv/p/203383,"["" Wide Vibrant Display "","" Hexa Chroma Drive Technology "","" Transmissive LED Panel "","" V-Audio System "","" USB 2.0 Ports ""]",Panasonic TH-32ES500D 80cm (32inch) HD LED TV,"32,990",croma,tv
https://www.croma.com/panasonic-led-100cm-th-39e200dx/p/203386,"[""16W Full Range Speakers"",""USB And HDMI Connectivity"",""39 Inches HD Ready Display"",""Noise Reduction Feature"",""V-audio Surround Sound""]",PANASONIC LED 100cm TH-39E200DX,"36,500",croma,tv
https://www.croma.com/panasonic-led-103cm-th-40e400d/p/203389,"["" 103 cm Wide Vibrant Display"","" Dot Reduction Technology"","" Vivid Digital Pro Technology"","" An Array of Connectivity Options""]",PANASONIC LED 103cm TH-40E400D,"39,900",croma,tv
https://www.croma.com/panasonic-led-109cm-th-40es500d/p/203392,"[""Sleek Design"",""Natural 6-Colour Reproduction"",""Highly Efficient Backlight System"",""Super Bright Panel"",""Wireless Media""]",PANASONIC LED 109cm TH-40ES500D,"46,990",croma,tv
https://www.croma.com/panasonic-led-109cm-th-43es480dx/p/203395,"[""20W Full Range Speakers"",""USB And HDMI Connectivity"",""43 Inches Full HD Display"",""Super Bright Panel Plus"",""Dual Core Processor""]",PANASONIC LED 109cm TH-43ES480DX,"51,900",croma,tv
https://www.croma.com/panasonic-109cm-43inch-full-hd-led-tv-th-43es480dx-/p/203396,"[""Adaptive Backlight Dimming"",""Vivid Digital Pro"",""Built-In Home Theatre System"",""Dot Noise Reduction Feature"",""IPS LED Superbright Plus Panel""]",Panasonic 109cm (43inch) Full HD LED TV (TH-43ES480DX),"51,900",croma,tv
https://www.croma.com/panasonic-th-43es630d-109cm-43inch-full-hd-led-tv/p/203398,"[""Full HD Pictures"",""Hexa Chroma Drive"",""Natural 6-Colour Reproduction"",""IPS LED Super Bright Plus Technology"",""Powerful Woofer 2.1""]",Panasonic TH-43ES630D 109cm (43inch) Full HD LED TV,"58,590",croma,tv
https://www.croma.com/panasonic-led-109cm-th-43ex600d/p/203401,"[""Sleek Design with a Flexible Pedestal"",""Natural 6-Colour Reproduction"",""4K Picture Quality"",""High Dynamic Range Enabled"",""IPS LED Super Bright Plus Technology""]",PANASONIC LED 109cm TH-43EX600D,"63,990",croma,tv
https://www.croma.com/panasonic-109cm-43inch-4k-led-tv-back-th-43ex600d-/p/203402,"[""4K Hexa Chroma Drive"",""IPS LED Superbright Plus Panel"",""Pure Picture Uniformity Sheet"",""Noise Reduction Feature"",""In-Built Home Theatre""]","Panasonic 109cm (43inch) 4K LED TV (Back, TH-43EX600D)","63,990",croma,tv
https://www.croma.com/panasonic-th-49e400d-124cm-49inch-full-hd-led-tv/p/203404,"[""Adaptive Backlight Dimming"",""Vivid Digital Pro"",""200Hz BMR"",""Dot Noise Reduction"",""HDMI and USB Inputs""]",Panasonic TH-49E400D 124cm (49inch) Full HD LED TV,"53,900",croma,tv
https://www.croma.com/panasonic-led-124cm-th-49e460d/p/203407,"[""Dot Noise Reduction"",""Powerful 2.1 Woofer"",""Natural 6-Colour Reproduction"",""Multiple HDMI Ports"",""Hexa Chroma Drive""]",PANASONIC LED 124cm TH-49E460D,"54,900",croma,tv
https://www.croma.com/lg-55lj550t-139cm-55inch-full-hd-led-smart-tv-2017-edition-/p/203587,"[""Full HD 1920 x 1080 Resolution"",""Miracast Technology"",""Intel WiDi"",""Colour Master Engine"",""webOS""]",LG 55LJ550T 139cm (55inch) Full HD LED Smart TV (2017 Edition),"84,990",croma,tv
https://www.croma.com/sony-kd-49x8200e-124cm-49inch-ultra-hd-4k-led-smart-tv/p/203680,"["" 124.46 cms Wide Vibrant Display "","" Bravia Screen"","" 4 HDMI Ports"","" Miracast Technology""]",Sony KD-49X8200E 124cm (49inch) Ultra HD 4K LED Smart TV,"99,990",croma,tv
https://www.croma.com/sony-kd-55x9500e-140cm-55inch-4k-ultra-hd-led-smart-tv/p/203682,"[""Triluminuos Display"",""Double Edged LED Panels"",""Front-facing Woofers"",""Miracast Technology""]",Sony KD-55X9500E 140cm (55inch) 4K Ultra HD LED Smart TV,"199,990",croma,tv
https://www.croma.com/sony-kd-75x9400e-190cm-75inch-4k-ultra-hd-led-smart-tv/p/203683,"[""Crystal Clear Picture"",""4K HDR Processor X1 Extreme"",""75 inches screen"",""Internet Connectivity"",""Supports Dolby Formats""]",Sony KD-75X9400E 190cm (75inch) 4K Ultra HD LED Smart TV,"499,990",croma,tv
https://www.croma.com/croma-led-full-hd-55cm-22inch-el7068/p/203747,"[""Full HD (1920 x 1080)p"",""A + Grade, Zero Dot Panel"",""1 x HDMI | 1 x USB"",""Bluetooth Enabled""]",Croma LED Full HD 55cm (22inch) - EL7068,"8,490",croma,tv
https://www.croma.com/croma-led-full-hd-140cm-55inch-smart-el7333/p/203748,"[""Full HD (1920 x 1080)p"",""A + Grade, Zero Dot Panel"",""2 x HDMI | 2 x USB"",""Built-in Ethernet port and Wi-Fi module"",""Screen mirroring""]",Croma LED Full HD 140cm (55inch) Smart - EL7333,"46,990",croma,tv
https://www.croma.com/hitachi-led-4k-140cm-55inch-smart-ld55sys02u-ciw/p/203749,"[""4K (3480x2160)p | Web OS Linux 6.0.1"",""Dolby Surround Decoder, Co-axial output"",""1GB RAM | 8GB ROM, Dual Core 1.0GHz"",""2 x HDMI (1 ARC Enabled) | 2 x USB""]",Hitachi LED 4k 140cm (55inch) Smart - LD55SYS02U-CIW,"79,990",croma,tv
https://www.croma.com/hitachi-led-4k-165cm-65inch-smart-ld65sys02u-ciw/p/203750,"[""4K (3480x2160)p | Web OS Linux 6.0.1"",""Dolby Surround Decoder, Co-axial output"",""1GB RAM | 8GB ROM, Dual Core 1.0GHz"",""2 x HDMI (1 ARC Enabled) | 2 x USB""]",Hitachi LED 4K 165cm (65inch) Smart - LD65SYS02U-CIW,"129,990",croma,tv
https://www.croma.com/croma-led-full-hd-109cm-43inch-smart-el7332/p/203754,"[""Full HD (1920 x 1080)p"",""A + Grade, Zero Dot Panel"",""2 x HDMI | 2 x USB"",""Built-in Ethernet port and Wi-Fi module"",""Screen mirroring""]",Croma LED Full HD 109cm (43inch) Smart - EL7332,"28,990",croma,tv
https://www.croma.com/sony-kd-43x7002e-109-22cm-43inch-4k-ultra-hd-led-smart-tv/p/203760,"[""Miracast Technology"",""3 HDMI ports"",""3 USB ports"",""Dolby Digital Sound""]",Sony KD-43X7002E 109.22cm (43inch) 4K Ultra HD LED Smart TV,"60,990",croma,tv
https://www.croma.com/samsung-ua65mu7500-165cm-65inch-uhd-4k-led-smart-tv-2017-edition-/p/203643,"["" 65-inch Curved Screen "","" Motion Rate 240 Technology "","" 4K Ultra HD Resolution "","" 4K HDR Pro Technology ""]",Samsung UA65MU7500 165cm (65inch) UHD 4K LED Smart TV (2017 Edition),"316,825",croma,tv
https://www.croma.com/samsung-ua55mu7500klxl-140cm-55inch-uhd-4k-smart-led-tv-2017-edition-/p/203645,"["" Motion Rate 240 Technology "","" 55-inch Curved Screen "","" HDR1000 Technology "","" 4K Ultra HD Resolution "","" Peak Illuminator Pro Technology ""]",Samsung UA55MU7500KLXL 140cm (55inch) UHD 4K Smart LED TV (2017 Edition),"189,814",croma,tv
https://www.croma.com/sony-kd-65x9300e-165cm-65inch-4k-hdr-led-tv/p/203647,"[""4K Resolution and High Dynamic Range for Stunning Picture Quality"",""X-tended Dynamic Range PRO Contrast filter"",""Triluminos Display for Vibrant Pictures"",""Dual-layered Slim Backlight Drive"",""Ultra Slim Design"",""Life-like Gaming Experience"",""Android Operating System"",""Wider Colour Gamut""]",Sony KD-65X9300E 165cm (65inch) 4K HDR LED TV,"219,990",croma,tv
https://www.croma.com/sony-kd-55x9000e-139cm-55inch-4k-hdr-ultra-hd-tv/p/203648,"["" Triluminos Display "","" Miracast Technology "","" Dolby Digital"","" HDMI Ports""]",Sony KD-55X9000E 139cm (55inch) 4K HDR Ultra HD TV,"129,990",croma,tv
https://www.croma.com/panasonic-th-43e200dx-109-3cm-43inch-full-hd-led-tv/p/203649,"[""178 Degree Viewing Angle"",""20W Audio Output"",""2 x Full Range Speakers"",""V-Audio Surround Sound"",""Adaptive Backlight Dimming""]",Panasonic TH-43E200DX 109.3cm (43inch) Full HD LED TV,"43,990",croma,tv
https://www.croma.com/lg-oled65w7t-164cm-65inch-uhd-oled-tv/p/203571,"[""Active HDR Technology"",""Dolby Vision Technology"",""Dolby Atmos Soundbar"",""Quad-core Processor"",""65-inch OLED Screen""]",LG OLED65W7T 164cm (65inch) UHD OLED TV,"1,199,990",croma,tv
https://www.croma.com/lg-oled65c7t-164cm-65inch-uhd-oled-smart-tv-2017-edition-/p/203573,"[""65-inch wide Radiant Display "","" Miracast Technology"","" Dolby Atmos technology "","" WebOS 3.5 Operating System"","" Active HDR technology ""]",LG OLED65C7T 164cm (65inch) UHD OLED Smart TV (2017 Edition),"308,000",croma,tv
https://www.croma.com/lg-oled55e7t-138cm-55inch-ultra-hd-oled-tv-2017-edition-/p/203574,"[""55-inch wide Vibrant Display "",""Dolby Atmos Technology"",""Miracast Screen Mirroring"",""3840 x 2160 Pixels Resolution"",""Dolby Vision technology ""]",LG OLED55E7T 138cm (55inch) Ultra HD OLED TV (2017 Edition),"309,990",croma,tv
https://www.croma.com/lg-49uj632t-124cm-49inch-uhd-4k-smart-led-tv-2017-edition-/p/203583,"["" Active HDR Technology"","" 49-inch wide Vibrant Display "","" 3840 x 2160 Pixels Resolution"","" UL Cybersecurity Assurance Program"","" Dolby Vision Technology""]",LG 49UJ632T 124cm (49inch) UHD 4K Smart LED TV (2017 Edition),"70,200",croma,tv
https://www.croma.com/lg-49lj617v-124cm-49inch-full-hd-led-smart-tv/p/203588,"[""Single Click Access"",""1920 x 1080 Pixels Resolution"",""Satellite IPS Display"",""Miracast Technology"",""Intel WiDi Technology""]",LG 49LJ617V 124cm (49inch) Full HD LED Smart TV,"68,990",croma,tv
https://www.croma.com/lg-49lj617t-124cm-49inch-full-hd-led-smart-tv-2017-edition-/p/203589,"[""Dolby Digital Plus Technology"",""Miracast Technology"",""Intel WiDi Technology"",""WebOS Smart TV Platform"",""1920 x 1080 pixels Resolution""]",LG 49LJ617T 124cm (49inch) Full HD LED Smart TV (2017 Edition),"67,990",croma,tv
https://www.croma.com/lg-49lj554t-124cm-49inch-full-hd-led-tv-2017-edition-/p/203590,"["" 49-inch Wide Vibrant Display "","" 1920 x 1080 Pixels Resolution"","" Dolby Digital Plus Technology"","" Miracast Technology"","" Intel WiDi Technology""]",LG 49LJ554T 124cm (49inch) Full HD LED TV (2017 Edition),"63,990",croma,tv
https://www.croma.com/lg-49lj523t-124cm-49inch-full-hd-led-tv/p/203591,"["" 49-inch Wide Vibrant Display "","" 1920 x 1080 Pixels Resolution"","" Dolby Digital Plus Technology""]",LG 49LJ523T 124cm (49inch) Full HD LED TV,"60,990",croma,tv
https://www.croma.com/lg-43lj619v-109cm-43inch-full-hd-led-smart-tv/p/203592,"["" IPS Panel "","" 30 Watt Powerful Sign"","" WebOS Launcher Bar"","" Magic Remote"","" Wide Viewing Angle""]",LG 43LJ619V 109cm (43inch) Full HD LED Smart TV,"52,431",croma,tv
https://www.croma.com/lg-43lj554t-109cm-43inch-full-hd-led-smart-tv/p/203594,"[""Miracast Technology"",""Intel WiDi Technology"",""43-inch Wide Vibrant Display "",""1920 x 1080 Pixels Resolution"","" IPS Display""]",LG 43LJ554T 109cm (43inch) Full HD LED Smart TV,"44,100",croma,tv
https://www.croma.com/lg-43lj531t-109cm-43inch-full-hd-led-tv/p/203595,"["" 43-inch Wide Vibrant Display "","" 1920 x 1080 Pixels Resolution"","" Motion Eco Sensor ""]",LG 43LJ531T 109cm (43inch) Full HD LED TV,"38,700",croma,tv
https://www.croma.com/lg-43lj523t-109cm-43inch-hd-led-tv-2017-edition-/p/203596,"["" 43-inch Wide Vibrant Display "","" 1366 x 768 Pixels Resolution"","" Clear Voice Technology""]",LG 43LJ523T 109cm (43inch) HD LED TV (2017 Edition),"44,190",croma,tv
https://www.croma.com/lg-32lj618u-80cm-32-inch-hd-led-tv/p/203598,"[""IPS Panel with HD 1366 x768 display"",""Smart Satellite TV with webOS"",""Single click access"",""35W powerful sound with Woofer""]",LG 32LJ618U 80cm (32 inch) HD LED TV,"30,811",croma,tv
https://www.croma.com/lg-32lj616d-80cm-32inch-hd-slim-led-smart-tv-2017-edition-/p/203599,"[""Single Click Access"",""Magic Remote"",""IPS Panel"",""webOS""]",LG 32LJ616D 80cm (32inch) HD Slim LED Smart TV (2017 Edition),"28,000",croma,tv
https://www.croma.com/panasonic-th-49ex480dx-124cm-49inch-4k-led-smart-tv/p/203410,"[""Audio Output Power 20W"",""USB And HDMI Connectivity"",""49 Inches Screen Size"",""IPS LED Superbright Feature"",""Dolby Certified Sound""]",Panasonic TH-49EX480DX 124cm (49inch) 4K LED Smart TV,"83,990",croma,tv
https://www.croma.com/panasonic-th-49es630d-124cm-49inch-full-hd-led-tv/p/203413,"[""Full High Definition"",""Accurate 6-Colour Reproduction"",""Hexa Chroma Drive Pro"",""IPS LED Super Back Plus Panel"",""Powerful 2.1 Woofer""]",Panasonic TH-49ES630D 124cm (49inch) Full HD LED TV,"65,990",croma,tv
https://www.croma.com/panasonic-led-124cm-th-49ex600d/p/203416,"["" Wide Vibrant Display "","" Hexa Chroma Drive Technology "","" VR- Audio True Surround"","" USB 2.0 Ports ""]",PANASONIC LED 124cm TH-49EX600D,"85,990",croma,tv
https://www.croma.com/panasonic-124cm-49inch-4k-ultra-led-tv-th-49ex600d-/p/203417,"[""4K Hexa Chroma Drive"",""IPS LED Superbright Plus Panel"",""Pure Picture Uniformity Sheet"",""Noise Reduction Feature"",""In-Built Home Theatre""]",Panasonic 124cm (49inch) 4K Ultra LED TV (TH-49EX600D),"85,990",croma,tv
https://www.croma.com/panasonic-th-55es500d-140cm-55inch-full-hd-led-tv/p/203419,"["" Wide Vibrant Display "","" Hexa Chroma Drive Technology "","" Transmissive LED Panel "","" Surround V-Audio System "","" USB 2.0 Ports ""]",Panasonic TH-55ES500D 140cm (55inch) Full HD LED TV,"79,900",croma,tv
https://www.croma.com/samsung-qa65q7famklxl-165cm-65inch-uhd-qled-smart-tv/p/203288,"["" Supports 10-bit colour "","" Supreme UHD Dimming Technology"","" Contrast Enhancer Technology "","" Inbuilt Wireless LAN Connection "","" Auto Motion Plus Technology ""]",Samsung QA65Q7FAMKLXL 165cm (65inch) UHD QLED Smart TV,"341,905",croma,tv
https://www.croma.com/samsung-qa65q8camklxl-165cm-65inch-qled-curved-smart-tv/p/203289,"["" Supreme UHD Dimming Technology"","" Inbuilt Wireless LAN Connection "","" Auto Motion Plus Technology "","" Peak Illuminator Pro"","" Dolby Digital Plus sound""]",Samsung QA65Q8CAMKLXL 165cm (65inch) QLED Curved Smart TV,"346,655",croma,tv
https://www.croma.com/sony-klv-49w772e-123-2cm-49inch-full-hd-led-tv/p/203376,"[""TRILUMINOS Display technology"",""High Dynamic Range for lifelike pictures"",""Rediscover every detail with X-Reality PRO"",""Made to listen: ClearAudio+"",""X-Protection PRO: Designed for the toughest conditions""]",Sony KLV-49W772E 123.2cm (49inch) Full HD LED TV,"69,990",croma,tv
https://www.croma.com/sony-kd-65x9000e-164cm-65inch-4k-ultra-hd-led-smart-android-tv/p/203377,"[""4K High Dynamic Range"",""Sony Design Ethos "",""Android TV"",""X-Tended Dynamic Range Pro Technology"",""X-1 4K HDR Processor""]",Sony KD-65X9000E 164cm (65inch) 4K Ultra HD LED Smart (Android) TV,"199,990",croma,tv
https://www.croma.com/samsung-ua32m5570-80cm-32inch-full-hd-led-smart-tv-2017-edition-/p/203540,"["" Mobile Mirroring"","" Ultra Clean View Technology"","" Micro Dimming Technology"","" Sleek Design""]",Samsung UA32M5570 80cm (32inch) Full HD LED Smart TV (2017 Edition),"35,055",croma,tv
https://www.croma.com/samsung-ua49m5570-123cm-49inch-full-hd-led-smart-tv-2017-edition-/p/203541,"[""Ultra Clean View Technology"",""Micro Dimming Technology"",""Sleek Design"",""Mobile Mirroring""]",Samsung UA49M5570 123cm (49inch) Full HD LED Smart TV (2017 Edition),"65,455",croma,tv
https://www.croma.com/samsung-49mu6470-124cm-49inch-ultra-hd-led-tv-2017-edition-/p/203542,"["" UHD Resolution"","" Premium Smart Remote Control"","" Vibrant Image Up Scaling"","" Sleek Design""]",Samsung 49MU6470 124cm (49inch) Ultra HD LED TV (2017 Edition),"99,655",croma,tv
https://www.croma.com/samsung-ua49mu7000-124cm-49inch-4k-uhd-tv-2017-edition-/p/203543,"[""48.5-inch flat panel screen "",""UHD Dimming Technology"",""Motion Rate 120 Technology "",""Resolution of 3840 x 2160 pixels "",""Dolby Digital Plus Technology ""]",Samsung UA49MU7000 124cm (49inch) 4K UHD TV (2017 Edition),"112,005",croma,tv
https://www.croma.com/samsung-ua50mu6100-125cm-50inch-4k-ultra-hd-led-smart-tv-2017-edition-/p/203544,"["" UHD Resolution"","" Premium Smart Remote Control"","" Vibrant Image Up Scaling"","" Voice Command Control""]",Samsung UA50MU6100 125cm (50inch) 4K Ultra HD LED Smart TV (2017 Edition),"79,705",croma,tv
https://www.croma.com/samsung-55m5570-138cm-40inch-full-hd-led-smart-tv-2017-edition-/p/203545,"[""Ultra Clean View Technology"",""Mobile Mirroring"",""Sleek Design"",""Micro Dimming Technology""]",Samsung 55M5570 138cm (40inch) Full HD LED Smart TV (2017 Edition),"88,255",croma,tv
https://www.croma.com/samsung-ua55m6300-138cm-55inch-full-hd-led-smart-tv/p/203546,"["" Curved TV"","" Sleek Design"","" 3 HDMI outputs"","" 2 USB Ports""]",Samsung UA55M6300 138cm (55inch) Full HD LED Smart TV,"100,884",croma,tv
https://www.croma.com/lg-oled65e7t-164cm-65inch-ultra-hd-oled-tv-2017-edition-/p/203572,"["" 164-cm wide lucid display "","" Dolby Surround Sound"","" OLED Master Engine "",""WebOS Smart TV Platform"","" Dolby Vision technology ""]",LG OLED65E7T 164cm (65inch) Ultra HD OLED TV (2017 Edition),"427,790",croma,tv
https://www.croma.com/lg-oled55c7t-140cm-55inch-ultra-hd-oled-tv-2017-edition-/p/203575,"["" 55-inch wide Vibrant Display "","" Dolby Atmos Technology"","" Quad-core Processor"","" 3840 x 2160 Pixels Resolution"","" Dolby Vision technology ""]",LG OLED55C7T 140cm (55inch) Ultra HD OLED TV (2017 Edition),"193,000",croma,tv
https://www.croma.com/lg-55uj752t-139cm-55inch-super-uhd-4k-tv-2017-edition-/p/203579,"[""Nano Cell Technology"",""55-inch wide Vibrant Display "",""3840 x 2160 Pixels Resolution"",""Harman Kardon Audio Technology"",""Dolby Vision Technology""]",LG 55UJ752T 139cm (55inch) Super UHD 4K TV (2017 Edition),"119,990",croma,tv
https://www.croma.com/lg-55uj632t-139cm-55inch-ultra-hd-4k-tv-2017-edition-/p/203580,"[""55inch wide Vibrant Display "",""3840 x 2160 Pixels Resolution"",""webOS 3.5 Operating System"","" Active HDR Technology""]",LG 55UJ632T 139cm (55inch) Ultra HD 4K TV (2017 Edition),"81,000",croma,tv
https://www.croma.com/lg-49sj800t-124cm-49inch-4k-ultra-hd-tv-2017-edition-/p/203581,"[""Flat 124 cm LED UHD TV"",""True 4K Video Engine with Ultra Luminance"",""Dolby Digital Decoder with 2 Ch Speaker"",""Magic Remote with 4 different modes"",""With webOS""]",LG 49SJ800T 124cm (49inch) 4K Ultra HD TV (2017 Edition),"114,990",croma,tv
https://www.croma.com/lg-49uj752t-124cm-49inch-ultra-hd-4k-smart-led-tv-2017-edition-/p/203582,"["" Nano Cell Technology"","" 49-inch wide Vibrant Display "","" 3840 x 2160 Pixels Resolution"","" Harman Kardon Audio Technology"","" Dolby Vision HDR Technology""]",LG 49UJ752T 124cm (49inch) Ultra HD 4K Smart LED TV (2017 Edition),"87,500",croma,tv
https://www.croma.com/lg-43uj752t-109cm-43inch-ultra-hd-smart-led-tv-2017-edition-/p/203584,"[""Nano Cell Technology"",""43-inch wide Vibrant Display "",""3840 x 2160 Pixels Resolution"",""Harman Kardon Audio Technology"",""Dolby Vision HDR Technology""]",LG 43UJ752T 109cm (43inch) Ultra HD Smart LED TV (2017 Edition),"67,400",croma,tv
https://www.croma.com/lg-43uj632t-109cm-43inch-ultra-hd-4k-smart-led-tv-2017-edition-/p/203586,"["" IPS 4K Panel"","" 43-inch wide Vibrant Display "",""Active HDR Technology"",""Magic Remote"",""WiFi Technology"",""webOS""]",LG 43UJ632T 109cm (43inch) Ultra HD 4K Smart LED TV (2017 Edition),"54,900",croma,tv
https://www.croma.com/lg-43lj617t-109cm-43inch-full-hd-smart-led-tv-2017-edition-/p/203593,"["" IPS 4K Panel"","" 43-inch wide Vibrant Display "","" 1920 x 1080 Pixels Resolution"","" Intel WiDi Technology"",""TellyBean Technology""]",LG 43LJ617T 109cm (43inch) Full HD Smart LED TV (2017 Edition),"48,900",croma,tv
https://www.croma.com/lg-32lj573d-80cm-32-inch-hd-led-smart-tv/p/203600,"[""IPS Panel with HD 1366 x768 display"",""Simple and fun webOS"",""Single click access"",""LGâ€™s Virtual Surround sound""]",LG 32LJ573D 80cm (32 inch) HD LED Smart TV,"25,800",croma,tv
https://www.croma.com/lg-32lj542d-80cm-32inch-hd-slim-led-tv-2017-edition-/p/203602,"[""Color Master Engine"",""20W Powerful Sound"",""IPS Panel"",""Virtual Surround Sound""]",LG 32LJ542D 80cm (32inch) HD Slim LED TV (2017 Edition),"22,000",croma,tv
https://www.croma.com/lg-65uj632t-164cm-65inch-ultra-hd-led-tv/p/203569,"[""4K Ultra HD Display"",""webOS Platform with Magic Remote"",""Tellybean Video Calling"",""LG Store Apps and Games"",""Expandable Memory with USB""]",LG 65UJ632T 164cm (65inch) Ultra HD LED TV,"153,000",croma,tv
https://www.croma.com/samsung-75mu7000-191cm-75inch-4k-ultra-hd-led-smart-tv-2017-edition-/p/203642,"["" Four HDMI Ports"","" Clear Distortion Free Images"","" Three USB Ports"","" Sleek Design""]",Samsung 75MU7000 191cm (75inch) 4K Ultra HD LED Smart TV (2017 Edition),"474,905",croma,tv
https://www.croma.com/onida-43fne-106cm-42inch-full-hd-led-tv/p/202504,"[""Full HD panel"",""18W RMS sound output"",""2 USB ports"",""4000:1 contrast ratio""]",Onida 43FNE 106cm (42inch) Full HD LED TV,"27,990",croma,tv
https://www.croma.com/onida-43fie-106cm-42inch-full-hd-smart-led-tv/p/202505,"[""Full HD LED display"",""Built in Wi-Fi"",""8 GB Flash"",""1 GB RAM""]",Onida 43FIE 106cm (42inch) Full HD Smart LED TV,"32,490",croma,tv
https://www.croma.com/onida-leo50fiab2-124cm-49inch-full-hd-smart-led-tv/p/202506,"[""Full HD panel"",""16W RMS sound output"",""3 USB ports"",""Ethernet port""]",Onida LEO50FIAB2 124cm (49inch) Full HD Smart LED TV,"49,990",croma,tv
https://www.croma.com/onida-55uib-139cm-55inch-uhd-smart-led-tv-black-/p/202507,"[""Built-in USB ports"",""WiFi enabled"",""Ultra HD panel"",""16 W RMS sound output""]",Onida 55UIB 139cm (55inch) UHD Smart LED TV (Black),"67,990",croma,tv
https://www.croma.com/hitachi-led-81-cm-32inch-ld32sy01a-ciw2/p/202424,"[""HDR (1366 x 768)p"",""A + Grade, Zero Dot Panel"",""2 x HDMI (1 ARC Enabled) | 2 x USB"",""Coaxial Digital Audio Output""]",Hitachi LED 81 cm (32inch) - LD32SY01A-CIW2,"21,500",croma,tv
https://www.croma.com/hitachi-led-107cm-42inch-ld42sy01a-ciw2/p/202425,"[""Full HD (1920 x 1080)p"",""A + Grade, Zero Dot Panel"",""3 x HDMI | 2 x USB"",""Coaxial Digital Audio Output""]",Hitachi LED 107cm (42inch) - LD42SY01A-CIW2,"34,990",croma,tv
https://www.croma.com/sony-klv-40w672e-101-4cm-40inch-full-hd-led-tv/p/202471,"[""40 inch Full HD panel"",""Built-in Subwoofer"",""X Reality Pro engine"",""Sony Clear Audio Plus Sound""]",Sony KLV-40W672E 101.4cm (40inch) Full HD LED TV,"48,990",croma,tv
https://www.croma.com/sony-klv-49w672e-123cm-49inch-full-hd-led-smart-tv/p/202472,"[""49 inch FHD 1920 x 1080 display"",""X-Reality PRO picture"",""YouTube Direct"",""ClearAudio+ sound""]",Sony KLV-49W672E 123cm (49inch) Full HD LED Smart TV,"64,990",croma,tv
https://www.croma.com/onida-leo32ha-80cm-31-5inch-led-tv/p/202480,"[""31.5 inch widescreen display"",""Front Keyboard OSD"",""Alarm and Sleep Timer"",""2 8 Ohm speakers with Surround Sound""]",Onida LEO32HA 80cm (31.5inch) LED TV,"16,290",croma,tv
https://www.croma.com/sony-klv-32w622e-80cm-32inch-hd-ready-smart-led-tv/p/202781,"[""HDR mode"",""X Reality Pro engine"",""Built-in WiFi"",""Internet ready Smart TV""]",Sony KLV-32W622E 80cm (32inch) HD Ready Smart LED TV,"30,990",croma,tv
https://www.croma.com/sony-klv-32w672e-80cm-32-inch-full-hd-smart-led-tv/p/202782,"[""32 inch FHD 1920 x 1080 display"",""X-Reality PRO picture"",""YouTube Direct"",""ClearAudio+ sound""]",Sony KLV-32W672E 80cm (32 inch) Full HD Smart LED TV,"35,990",croma,tv
https://www.croma.com/sony-klv-32r422e-80cm-32-inch-hd-ready-led-tv/p/202780,"[""HD Ready display"",""Clear Audio Plus technology"",""X Reality Pro Engine"",""Built-in Woofer""]",Sony KLV-32R422E 80cm (32 inch) HD Ready LED TV,"27,990",croma,tv
https://www.croma.com/croma-led-hdr-60cm-24inch-el7067/p/202870,"[""HDR (1366 x 768)p"",""A + Grade, Zero Dot Panel"",""2 x HDMI | 2 x USB"",""Bluetooth Enabled""]",Croma LED HDR 60cm (24inch) - EL7067,"9,994",croma,tv
https://www.croma.com/croma-led-hdr-80cm-32inch-el7329/p/202901,"[""HDR (1366 x 768)p"",""A + Grade, Zero Dot Panel"",""2 x HDMI | 2 x USB"",""Screen Mirroring & Mobile Streaming Compatible with IOS and Android""]",Croma LED HDR 80CM (32inch) - EL7329,"15,990",croma,tv
https://www.croma.com/croma-led-hdr-98cm-39inch-el7331/p/202872,"[""HDR (1366 x 768)p"",""A + Grade, Zero Dot Panel"",""3 x HDMI | 2 x USB"",""Bluetooth Enabled""]",Croma LED HDR 98cm (39inch) - EL7331,"18,994",croma,tv
https://www.croma.com/sony-klv-40r352e-101-6cm-40inch-full-hd-led-tv/p/203141,"[""101.6 cm (40 inch) Display"",""Dual Baffle Speakers"",""USB and HDMI Ports"",""Live Colour Technology"",""Inbuilt FM Radio""]",Sony KLV-40R352E 101.6cm (40inch) Full HD LED TV,"40,990",croma,tv
https://www.croma.com/sony-klv-43w772e-108cm-43inch-full-hd-smart-led-tv/p/203142,"[""108 cm (43 inch) Display"",""Dual Bass Reflex Speakers"",""USB and HDMI Ports"",""X-Reality PRO"",""Dolby Digital Sound""]",Sony KLV-43W772E 108cm (43inch) Full HD Smart LED TV,"54,990",croma,tv
https://www.croma.com/sony-kd-43x8200e-109cm-43inch-4k-ultra-hd-led-tv/p/203280,"["" Triluminos Display "","" Android TV (7.0)"","" Expandable Memory"","" Google Play"","" Clear Audio+ Technology""]",Sony KD-43X8200E 109cm (43inch) 4K Ultra HD LED TV,"79,990",croma,tv
https://www.croma.com/sony-kd-55x9300e-140cm-55-inch-4k-ultra-hd-led-smart-android-tv/p/203281,"[""Slim Backlight Drive+"",""Powerful 4K HDR Processor X1 Extreme"",""4K High Dynamic Range"",""Android TV""]",Sony KD-55X9300E 140cm (55 inch) 4K Ultra HD LED Smart Android TV,"179,990",croma,tv
https://www.croma.com/samsung-ua32m4100arlxl-80cm-32inch-hd-led-tv/p/203282,"["" HyperReal Picture Engine"","" Sound Mirroring Technology"","" Slim Edge Mold Design"","" Wi-Fi Direct"","" Digital Clean View Technology""]",Samsung UA32M4100ARLXL 80cm (32inch) HD LED TV,"24,605",croma,tv
https://www.croma.com/samsung-ua43m5100arlxl-109cm-43inch-full-hd-led-tv/p/203284,"["" Digital Clean View Technology"","" Auto Channel Search Technology"","" Full HD 1920 x 1080 Resolution"","" Dolby Digital Sound"","" Slim Edge FLED Screen""]",Samsung UA43M5100ARLXL 109cm (43inch) Full HD LED TV,"42,180",croma,tv
https://www.croma.com/samsung-ua43m5570aulxl-109cm-43inch-full-hd-led-smart-tv/p/203285,"[""DTS sound decoder"",""Wide Color Enhancer (Plus)"",""Dolby Digital Plus""]",Samsung UA43M5570AULXL 109cm (43inch) Full HD LED Smart TV,"53,105",croma,tv
https://www.croma.com/samsung-qa55q7famklxl-140cm-55inch-uhd-qled-smart-tv/p/203286,"[""Pick Illuminator Pro"",""Dolby Digital Plus"",""DTS sound decoder""]",Samsung QA55Q7FAMKLXL 140cm (55inch) UHD QLED Smart TV,"208,905",croma,tv
https://www.croma.com/samsung-qa55q8camklxl-140cm-55inch-qled-curved-smart-tv/p/203287,"[""DTS sound decoder"",""Pick Illuminator Pro"",""Dolby Digital Plus""]",Samsung QA55Q8CAMKLXL 140cm (55inch) QLED Curved Smart TV,"218,405",croma,tv
https://www.croma.com/sony-klv-22p402b-56cm-22inches-led-tv/p/183022,"[""22 inch LED TV with 1020p"",""5W + 5W Audio Output"",""1 HDMI, 1 USB"",""PWM Dimming, Dolby Digital""]",Sony KLV-22P402B 56cm (22inches) LED TV,"7,194",croma,tv
https://www.croma.com/samsung-24h4003-61cm-24inch-led-tv/p/183242,"[""24 inch LED TV with 768p"",""3W + 3W Audio Output"",""1 HDMI, 1 USB"",""Dolby Digital Plus/Dolby AAC, HyperReal Engine""]",Samsung 24H4003 61cm (24inch) LED TV,"13,490",croma,tv
https://www.croma.com/sony-24p413d-61cm-24inch-led-tv/p/194296,"[""Clear Resolution Enhancer"",""X-Protection PRO"",""HDMI x 2, USB x 1"",""Multi Indian Languages""]",Sony 24P413D 61cm (24inch) LED TV,"15,490",croma,tv
https://www.croma.com/onida-leo32hain-80cm-32inches-led-tv/p/195063,"[""HD Display"",""Equalizer & Surround"",""Android v4.4 KitKat OS"",""In-Built Wi-Fi & MHL""]",Onida LEO32HAIN 80cm (32inches) LED TV,"24,990",croma,tv
https://www.croma.com/samsung-32j4100-81cm-32inches-led-tv/p/189880,"[""32 inch LED TV with 768p"",""Edge LED Backlit Module"",""10W + 10W Audio Output"",""2 HDMI, 2 USB""]",Samsung 32J4100 81cm (32inches) LED TV,"16,740",croma,tv
https://www.croma.com/samsung-40j5570-102cm-40inches-led-tv/p/189950,"[""HyperReal Engine"",""Quad Core Processor"",""DVB-T2/S2 Digital Broadcasting"",""Wireless LAN & ConnectShare Movie""]",Samsung 40J5570 102cm (40inches) LED TV,"32,996",croma,tv
https://www.croma.com/lg-49uf770t-123cm-49inch-uhd-4k-led-tv/p/190212,"[""ULTRA HD IPS 4K Panel"",""WebOS 2.0 & Magic Remote"",""Intel WIDI & Miracast"",""Dual Metal Design""]",LG 49UF770T 123cm (49inch) UHD 4K LED TV,"99,994",croma,tv
https://www.croma.com/samsung-32fh4003-81cm-32inch-led-tv/p/188876,"[""32 inch LED screen"",""Wide Colour Enhancer Plus"",""Analog Noise Filter""]",Samsung 32FH4003 81cm (32inch) LED TV,"21,280",croma,tv
https://www.croma.com/samsung-32j5100-81cm-32inches-led-tv/p/188877,"[""HyperReal Picture Engine"",""Screen Capture & Sound Capture"",""Indian Cinema Mode & Story Replay"",""Best-in-Class Durability""]",Samsung 32J5100 81cm (32inches) LED TV,"29,994",croma,tv
https://www.croma.com/samsung-40j5100-101cm-40inches-led-tv/p/188878,"[""Screen Capture to take pictures"",""Story Replay to record all your favourite scenes"",""Cricket Mode for stadium-like experience""]",Samsung 40J5100 101cm (40inches) LED TV,"31,850",croma,tv
https://www.croma.com/sony-32r412d-80cm-32inches-led-tv/p/196311,"[""X-Reality Pro picture quality"",""32 inch LCD display"",""Built-in Subwoofer"",""X-Protection PRO""]",Sony 32R412D 80cm (32inches) LED TV,"26,990",croma,tv
https://www.croma.com/panasonic-th-43d350dx-109cm-43inch-led-tv/p/194927,"[""IPS LED screen"",""Full HD resolution"",""4K fine Remaster Engine"",""HDMI, USB Input""]",Panasonic TH-43D350DX 109cm (43inch) LED TV,"26,340",croma,tv
https://www.croma.com/sony-bravia-kd-55x8500d-139cm-55inch-uhd-4k-android-tv-black-/p/196610,"[""4K Ultra HD resolution"",""TRILUMINOS display"",""Dolby Digital Audio"",""Android connectivity""]",Sony Bravia KD-55X8500D 139cm (55inch) UHD/4K Android TV (Black),"119,993",croma,tv
https://www.croma.com/sony-kdl-50w800d-127cm-50inch-3d-led-tv/p/195695,"[""Full HD display resolution"",""X-Reality Pro engine"",""ClearAudio+ technology"",""Android functionality""]",Sony KDL-50W800D 127cm (50inch) 3D LED TV,"84,990",croma,tv
https://www.croma.com/lg-49uh770t-124cm-49inches-uhd-4k-led-tv/p/196987,"[""Additional 1 years extended warranty"",""4K Ultra HD"",""HDR Super with Dolby Vision"",""Magic Mobile Control""]",LG 49UH770T 124cm (49inches) UHD 4K LED TV,"58,395",croma,tv
https://www.croma.com/sony-kd-55x9300d-140cm-55inches-uhd-4k-led-tv/p/197082,"[""55"" 4K HDR Android TV"",""Digital Sound Enhancement Engine"",""4K Processor X1 & 3D World"",""Google Cast & Wi-Fi Direct""]",Sony KD-55X9300D 140cm (55inches) UHD 4K LED TV,"146,993",croma,tv
https://www.croma.com/panasonic-th-49cs580d-125cm-49inch-led-tv/p/190811,"[""IPS LED panel"",""1920 x 1080 pixels screen resolution"",""178 degree viewing angle"",""20 W audio output""]",Panasonic TH-49CS580D 125cm (49inch) LED TV,"39,950",croma,tv
https://www.croma.com/lg-49uh850t-124cm-49inches-uhd-4k-led-tv/p/197114,"[""Ultra Slim Design"",""HDR 4K with Dolby vision"",""WebOS 3.0 platform"",""Magic Zoom option"",""Harman Kardon Speakers""]",LG 49UH850T 124cm (49inches) UHD 4K LED TV,"132,090",croma,tv
https://www.croma.com/hitachi-led-127cm-50inch-ld50sy11a-ciw/p/197396,"[""Full HD (1920 x 1080)p"",""A + Grade, Zero Dot Panel"",""2 x HDMI | 1 x USB"",""USB Movies (Plays almost all audio, video formats)""]",Hitachi LED 127cm (50inch) - LD50SY11A-CIW,"52,990",croma,tv
https://www.croma.com/hitachi-ld42sy01a-ciw-107cm-42inch-led-tv/p/197397,"[""16.7 million colour support"",""42 inches LED screen"",""Various media input options""]",Hitachi LD42SY01A-CIW 107cm (42inch) LED TV,"35,990",croma,tv
https://www.croma.com/videocon-vmr32hh18xah-80cm-32inch-hd-ready-led-tv-mah-/p/197936,"[""Large 32 inch panel"",""HD ready TV"",""3 x HDMI ports"",""Reduced power consumption""]",Videocon VMR32HH18XAH 80cm (32inch) HD Ready LED TV (MAH),"26,990",croma,tv
https://www.croma.com/videocon-vmp24hh02fa-60cm-24inch-led-tv-roi-/p/197942,"[""24 inches LED display"",""720 p HD Ready Resolution"",""Wired Speakers"",""HDMI and USB ports""]",Videocon VMP24HH02FA 60cm (24inch) LED TV (ROI),"13,900",croma,tv
https://www.croma.com/videocon-vmr32hh18xah-80cm-32inch-ddb-smart-hd-led-tv/p/197945,"[""Built-in Wi-Fi"",""Smart TV"",""3 x HDMI ports"",""Reduced power consumption""]",Videocon VMR32HH18XAH 80cm (32inch) DDB Smart HD LED TV,"25,490",croma,tv
https://www.croma.com/lg-24lh480a-pt-61cm-24inch-hd-led-tv-2017-edition-/p/197951,"[""HDMI Ports"","" USB Interface"","" User-friendly Interface"","" In Built Games""]",LG 24LH480A-PT 61cm (24inch) HD LED TV (2017 Edition),"14,290",croma,tv
https://www.croma.com/samsung-55ks9000-140cm-55inch-uhd-4k-led-tv/p/197952,"[""SUHD Remastering Engine"",""Bezel Less Curved Design"",""Quantum Dot Display"",""3840x2160p 4K Resolution""]",Samsung 55KS9000 140cm (55inch) UHD 4K LED TV,"164,430",croma,tv
https://www.croma.com/samsung-40k6300-102cm-40inch-led-tv/p/197847,"[""Ultra Clean View"",""Auto Depth Enhancer"",""Hyper Real Picture Engine"",""Micro Dimming Pro""]",Samsung 40K6300 102cm (40inch) LED TV,"41,930",croma,tv
https://www.croma.com/samsung-49ks7500-124cm-49inch-led-tv/p/198040,"[""SUHD Remastering Engine"",""Bezel Less Curved Design"",""Quantum Dot Display"",""Auto Depth Enhancer""]",Samsung 49KS7500 124cm (49inch) LED TV,"98,945",croma,tv
https://www.croma.com/samsung-49ku6470-123cm-49inch-uhd-4k-flat-smart-tv/p/198043,"[""49"" UHD 4K Flat Smart TV"",""UHD Up-Scaling Picture Engine"",""SMART View & BT Headset Support"",""Wi-Fi & Dongle Compatibility""]",Samsung 49KU6470 123cm (49inch) UHD 4K Flat Smart TV,"81,300",croma,tv
https://www.croma.com/sony-29p423d-73cm-29inch-led-tv/p/198259,"[""29"" HD Ready LED Display"",""Clear Resolution Enhancer"",""Super Multi-Format USB Play"",""X-Protection PRO""]",Sony 29P423D 73cm (29inch) LED TV,"20,990",croma,tv
https://www.croma.com/samsung-49k5100-123cm-49inches-full-hd-flat-led-tv/p/198548,"[""49"" Full HD Flat LED TV"",""Hyperreal Picture Engine"",""Triple Protector"",""2 HDMI Ports & 2 USB Ports""]",Samsung 49K5100 123cm (49inches) Full HD Flat LED TV,"44,730",croma,tv
https://www.croma.com/sony-bravia-kdl-55w800d-139cm-55-inch-full-hd-smart-3d-led-tv/p/196536,"[""55 inch display"",""3D enabled"",""40000:1 Contrast ratio"",""Full HD LED panel""]",Sony Bravia KDL-55W800D 139cm (55 inch) Full HD Smart 3D LED TV,"98,991",croma,tv
https://www.croma.com/panasonic-viera-th-49dx650d-123cm-49inch-uhd-4k-led-smart-tv/p/198980,"[""49"" UHD 4K IPS LED Display"",""Internet Apps & Firefox OS"",""VR-Audio True Surround"",""Easy Mirroring & Swipe & Share""]",Panasonic VIERA TH-49DX650D 123cm (49inch) UHD 4K LED Smart TV,"106,400",croma,tv
https://www.croma.com/croma-led-hdr-80cm-32inch-el7315-v-4-new/p/199067,"[""HDR (1366 x 768)p"",""A + Grade, Zero Dot Panel"",""2 x HDMI | 2 x USB"",""Bluetooth Enabled""]",Croma LED HDR 80cm (32inch) - EL7315 V.4 New,"11,994",croma,tv
https://www.croma.com/croma-led-full-hd-101cm-40inch-el7324-v-2/p/199068,"[""Full HD (1920 x 1080)p"",""A + Grade, Zero Dot Panel"",""2 x HDMI | 2 x USB"",""Bluetooth Enabled""]",Croma LED Full HD 101cm (40inch) - EL7324 V.2,"19,494",croma,tv
https://www.croma.com/croma-led-hd-80cm-32inch-android-el7326/p/199070,"[""HDR (1366 x 768)p"",""A + Grade, Zero Dot Panel"",""2 x HDMI | 2 x USB"",""Screen Mirroring""]",Croma LED HD 80cm (32inch) Android - EL7326,"17,990",croma,tv
https://www.croma.com/croma-led-full-hd-101cm-40inch-android-el7328/p/199071,"[""Full HD (1920 x 1080)p"",""A + Grade, Zero Dot Panel"",""2 x HDMI (1 ARC Enabled) | 2 x USB"",""Built-in Ethernet port and Wi-Fi module"",""Screen mirroring""]",Croma LED Full HD 101cm (40inch) Android - EL7328,"26,990",croma,tv
https://www.croma.com/croma-led-full-hd-122cm-48inch-el7330/p/201091,"[""Full HD (1920 x 1080)p"",""A + Grade, Zero Dot Panel"",""2 x HDMI | 2 x USB"",""Bluetooth Enabled"",""USB Movies (Plays almost all audio, video formats)""]",Croma LED Full HD 122cm (48inch) - EL7330,"24,994",croma,tv
https://www.croma.com/panasonic-th-32d201dx-81-3cm-32inch-hd-ready-led-tv/p/202164,"[""32 inch HD Ready LED Display"",""178 degrees viewing angle"",""20 W audio output"",""Dot noise reduction""]",Panasonic TH-32D201DX 81.3cm (32inch) HD Ready LED TV,"16,450",croma,tv
https://www.croma.com/sony-klv-32r302e-80cm-32-inch-hd-ready-led-tv/p/202221,"[""Live Colour technology"",""1366 x 768 pixels resolution"",""Direct LED backlight""]",Sony KLV- 32R302E 80cm (32 inch) HD Ready LED TV,"23,990",croma,tv
https://www.croma.com/onida-leo50fnab2-127cm-48-5inch-full-hd-led-tv/p/202484,"[""48.5 inch Full HD display"",""Refresh Rate: 60 hertz"",""10-watt powerful audio"",""2 HDMI and 2 USB input slots""]",Onida LEO50FNAB2 127cm (48.5inch) Full HD LED TV,"44,990",croma,tv
https://www.croma.com/onida-leo24hrd-61cm-24inch-hd-ready-led-tv/p/202502,"[""10,00,000:1 contrast ratio"",""USB port;1 x HDMI"",""SRV Engine"",""Built-in noise reduction""]",Onida LEO24HRD 61cm (24inch) HD Ready LED TV,"11,990",croma,tv
https://www.croma.com/onida-leo32hin-80cm-32inch-hd-smart-led-tv-black-/p/202503,"[""Full HD panel"",""16W RMS sound output"",""3 USB ports"",""Ethernet port""]",Onida LEO32HIN 80cm (32inch) HD Smart LED TV (Black),"21,999",croma,tv